Year,Locationabbr,Locationdesc,Class,Topic,Question,Response,Break_Out,Break_Out_Category,Sample_Size,Data_value,Confidence_limit_Low,Confidence_limit_High,Display_order,Data_value_unit,Data_value_type,Data_Value_Footnote_Symbol,Data_Value_Footnote,DataSource,ClassId,TopicId,LocationID,BreakoutID,BreakOutCategoryID,QuestionID,ResponseID,GeoLocation
2014,AL,Alabama,Demographics,Income,What is your annual household income?,"Less than $15,000",Overall,Overall,"1,162",14.8,13.6,16,"1,988",%,Crude Prevalence,,,BRFSS,CLASS05,Topic33,01,BO1,CAT1,INCOME,RESP016,"(32.84057112200048, -86.63186076199969)"
2014,AL,Alabama,Demographics,Income,What is your annual household income?,"$15,000 - 24,999",Overall,Overall,"1,451",20.2,18.8,21.5,"1,989",%,Crude Prevalence,,,BRFSS,CLASS05,Topic33,01,BO1,CAT1,INCOME,RESP017,"(32.84057112200048, -86.63186076199969)"
2014,AL,Alabama,Demographics,Income,What is your annual household income?,"$25,000 - 34,999",Overall,Overall,804,11.7,10.5,12.9,"1,990",%,Crude Prevalence,,,BRFSS,CLASS05,Topic33,01,BO1,CAT1,INCOME,RESP018,"(32.84057112200048, -86.63186076199969)"
2014,AL,Alabama,Demographics,Income,What is your annual household income?,"$35,000 -  49,999",Overall,Overall,"1,016",14.6,13.5,15.8,"1,991",%,Crude Prevalence,,,BRFSS,CLASS05,Topic33,01,BO1,CAT1,INCOME,RESP019,"(32.84057112200048, -86.63186076199969)"
2014,AL,Alabama,Demographics,Income,What is your annual household income?,"$50,000+",Overall,Overall,"2,464",38.8,37.1,40.4,"1,992",%,Crude Prevalence,,,BRFSS,CLASS05,Topic33,01,BO1,CAT1,INCOME,RESP020,"(32.84057112200048, -86.63186076199969)"
2014,AK,Alaska,Demographics,Income,What is your annual household income?,"Less than $15,000",Overall,Overall,330,8.6,7.4,9.8,"1,983",%,Crude Prevalence,,,BRFSS,CLASS05,Topic33,02,BO1,CAT1,INCOME,RESP016,"(64.84507995700051, -147.72205903599973)"
2014,AK,Alaska,Demographics,Income,What is your annual household income?,"$15,000 - 24,999",Overall,Overall,453,13,11.4,14.6,"1,984",%,Crude Prevalence,,,BRFSS,CLASS05,Topic33,02,BO1,CAT1,INCOME,RESP017,"(64.84507995700051, -147.72205903599973)"
2014,AK,Alaska,Demographics,Income,What is your annual household income?,"$25,000 - 34,999",Overall,Overall,316,9.2,7.9,10.6,"1,985",%,Crude Prevalence,,,BRFSS,CLASS05,Topic33,02,BO1,CAT1,INCOME,RESP018,"(64.84507995700051, -147.72205903599973)"
2014,AK,Alaska,Demographics,Income,What is your annual household income?,"$35,000 -  49,999",Overall,Overall,511,13.6,12.1,15.1,"1,986",%,Crude Prevalence,,,BRFSS,CLASS05,Topic33,02,BO1,CAT1,INCOME,RESP019,"(64.84507995700051, -147.72205903599973)"
2014,AK,Alaska,Demographics,Income,What is your annual household income?,"$50,000+",Overall,Overall,"2,290",55.6,53.4,57.8,"1,987",%,Crude Prevalence,,,BRFSS,CLASS05,Topic33,02,BO1,CAT1,INCOME,RESP020,"(64.84507995700051, -147.72205903599973)"
2014,AZ,Arizona,Demographics,Income,What is your annual household income?,"Less than $15,000",Overall,Overall,"1,371",13.3,12.2,14.4,"1,994",%,Crude Prevalence,,,BRFSS,CLASS05,Topic33,04,BO1,CAT1,INCOME,RESP016,"(34.865970280000454, -111.76381127699972)"
2014,AZ,Arizona,Demographics,Income,What is your annual household income?,"$15,000 - 24,999",Overall,Overall,"2,201",19.5,18.3,20.8,"1,995",%,Crude Prevalence,,,BRFSS,CLASS05,Topic33,04,BO1,CAT1,INCOME,RESP017,"(34.865970280000454, -111.76381127699972)"
2014,AZ,Arizona,Demographics,Income,What is your annual household income?,"$25,000 - 34,999",Overall,Overall,"1,412",11.3,10.3,12.3,"1,996",%,Crude Prevalence,,,BRFSS,CLASS05,Topic33,04,BO1,CAT1,INCOME,RESP018,"(34.865970280000454, -111.76381127699972)"
2014,AZ,Arizona,Demographics,Income,What is your annual household income?,"$35,000 -  49,999",Overall,Overall,"1,945",15.1,14,16.2,"1,997",%,Crude Prevalence,,,BRFSS,CLASS05,Topic33,04,BO1,CAT1,INCOME,RESP019,"(34.865970280000454, -111.76381127699972)"
2014,AZ,Arizona,Demographics,Income,What is your annual household income?,"$50,000+",Overall,Overall,"5,368",40.8,39.4,42.2,"1,998",%,Crude Prevalence,,,BRFSS,CLASS05,Topic33,04,BO1,CAT1,INCOME,RESP020,"(34.865970280000454, -111.76381127699972)"
2014,AR,Arkansas,Demographics,Income,What is your annual household income?,"Less than $15,000",Overall,Overall,686,15,13.3,16.8,"1,987",%,Crude Prevalence,,,BRFSS,CLASS05,Topic33,05,BO1,CAT1,INCOME,RESP016,"(34.74865012400045, -92.27449074299966)"
2014,AR,Arkansas,Demographics,Income,What is your annual household income?,"$15,000 - 24,999",Overall,Overall,983,24.4,22.3,26.5,"1,988",%,Crude Prevalence,,,BRFSS,CLASS05,Topic33,05,BO1,CAT1,INCOME,RESP017,"(34.74865012400045, -92.27449074299966)"
2014,AR,Arkansas,Demographics,Income,What is your annual household income?,"$25,000 - 34,999",Overall,Overall,562,13.4,11.8,15,"1,989",%,Crude Prevalence,,,BRFSS,CLASS05,Topic33,05,BO1,CAT1,INCOME,RESP018,"(34.74865012400045, -92.27449074299966)"
2014,AR,Arkansas,Demographics,Income,What is your annual household income?,"$35,000 -  49,999",Overall,Overall,639,14.4,12.8,16,"1,990",%,Crude Prevalence,,,BRFSS,CLASS05,Topic33,05,BO1,CAT1,INCOME,RESP019,"(34.74865012400045, -92.27449074299966)"
2014,AR,Arkansas,Demographics,Income,What is your annual household income?,"$50,000+",Overall,Overall,"1,370",32.9,30.8,35,"1,991",%,Crude Prevalence,,,BRFSS,CLASS05,Topic33,05,BO1,CAT1,INCOME,RESP020,"(34.74865012400045, -92.27449074299966)"
2014,CA,California,Demographics,Income,What is your annual household income?,"Less than $15,000",Overall,Overall,"1,326",19.4,18.2,20.5,"1,994",%,Crude Prevalence,,,BRFSS,CLASS05,Topic33,06,BO1,CAT1,INCOME,RESP016,"(37.63864012300047, -120.99999953799971)"
2014,CA,California,Demographics,Income,What is your annual household income?,"$15,000 - 24,999",Overall,Overall,"1,059",15.4,14.3,16.5,"1,995",%,Crude Prevalence,,,BRFSS,CLASS05,Topic33,06,BO1,CAT1,INCOME,RESP017,"(37.63864012300047, -120.99999953799971)"
2014,CA,California,Demographics,Income,What is your annual household income?,"$25,000 - 34,999",Overall,Overall,706,9.8,8.9,10.7,"1,996",%,Crude Prevalence,,,BRFSS,CLASS05,Topic33,06,BO1,CAT1,INCOME,RESP018,"(37.63864012300047, -120.99999953799971)"
2014,CA,California,Demographics,Income,What is your annual household income?,"$35,000 -  49,999",Overall,Overall,857,10.9,10.1,11.8,"1,997",%,Crude Prevalence,,,BRFSS,CLASS05,Topic33,06,BO1,CAT1,INCOME,RESP019,"(37.63864012300047, -120.99999953799971)"
2014,CA,California,Demographics,Income,What is your annual household income?,"$50,000+",Overall,Overall,"3,641",44.6,43.1,46,"1,998",%,Crude Prevalence,,,BRFSS,CLASS05,Topic33,06,BO1,CAT1,INCOME,RESP020,"(37.63864012300047, -120.99999953799971)"
2014,CO,Colorado,Demographics,Income,What is your annual household income?,"Less than $15,000",Overall,Overall,908,8.1,7.4,8.8,"1,991",%,Crude Prevalence,,,BRFSS,CLASS05,Topic33,08,BO1,CAT1,INCOME,RESP016,"(38.843840757000464, -106.13361092099967)"
2014,CO,Colorado,Demographics,Income,What is your annual household income?,"$15,000 - 24,999",Overall,Overall,"1,647",15.8,14.8,16.7,"1,992",%,Crude Prevalence,,,BRFSS,CLASS05,Topic33,08,BO1,CAT1,INCOME,RESP017,"(38.843840757000464, -106.13361092099967)"
2014,CO,Colorado,Demographics,Income,What is your annual household income?,"$25,000 - 34,999",Overall,Overall,"1,105",9.6,8.9,10.3,"1,993",%,Crude Prevalence,,,BRFSS,CLASS05,Topic33,08,BO1,CAT1,INCOME,RESP018,"(38.843840757000464, -106.13361092099967)"
2014,CO,Colorado,Demographics,Income,What is your annual household income?,"$35,000 -  49,999",Overall,Overall,"1,653",13.5,12.7,14.3,"1,994",%,Crude Prevalence,,,BRFSS,CLASS05,Topic33,08,BO1,CAT1,INCOME,RESP019,"(38.843840757000464, -106.13361092099967)"
2014,CO,Colorado,Demographics,Income,What is your annual household income?,"$50,000+",Overall,Overall,"6,176",53,51.9,54.2,"1,995",%,Crude Prevalence,,,BRFSS,CLASS05,Topic33,08,BO1,CAT1,INCOME,RESP020,"(38.843840757000464, -106.13361092099967)"
2014,CT,Connecticut,Demographics,Income,What is your annual household income?,"Less than $15,000",Overall,Overall,552,9.5,8.4,10.5,"1,981",%,Crude Prevalence,,,BRFSS,CLASS05,Topic33,09,BO1,CAT1,INCOME,RESP016,"(41.56266102000046, -72.64984095199964)"
2014,CT,Connecticut,Demographics,Income,What is your annual household income?,"$15,000 - 24,999",Overall,Overall,842,14.4,13.2,15.7,"1,982",%,Crude Prevalence,,,BRFSS,CLASS05,Topic33,09,BO1,CAT1,INCOME,RESP017,"(41.56266102000046, -72.64984095199964)"
2014,CT,Connecticut,Demographics,Income,What is your annual household income?,"$25,000 - 34,999",Overall,Overall,561,8.6,7.7,9.6,"1,983",%,Crude Prevalence,,,BRFSS,CLASS05,Topic33,09,BO1,CAT1,INCOME,RESP018,"(41.56266102000046, -72.64984095199964)"
2014,CT,Connecticut,Demographics,Income,What is your annual household income?,"$35,000 -  49,999",Overall,Overall,753,11,10,12.1,"1,984",%,Crude Prevalence,,,BRFSS,CLASS05,Topic33,09,BO1,CAT1,INCOME,RESP019,"(41.56266102000046, -72.64984095199964)"
2014,CT,Connecticut,Demographics,Income,What is your annual household income?,"$50,000+",Overall,Overall,"3,808",56.5,54.8,58.2,"1,985",%,Crude Prevalence,,,BRFSS,CLASS05,Topic33,09,BO1,CAT1,INCOME,RESP020,"(41.56266102000046, -72.64984095199964)"
2014,DE,Delaware,Demographics,Income,What is your annual household income?,"Less than $15,000",Overall,Overall,344,9.5,8.1,11,"1,984",%,Crude Prevalence,,,BRFSS,CLASS05,Topic33,10,BO1,CAT1,INCOME,RESP016,"(39.008830667000495, -75.57774116799965)"
2014,DE,Delaware,Demographics,Income,What is your annual household income?,"$15,000 - 24,999",Overall,Overall,664,18.4,16.5,20.2,"1,985",%,Crude Prevalence,,,BRFSS,CLASS05,Topic33,10,BO1,CAT1,INCOME,RESP017,"(39.008830667000495, -75.57774116799965)"
2014,DE,Delaware,Demographics,Income,What is your annual household income?,"$25,000 - 34,999",Overall,Overall,373,9.6,8.3,10.9,"1,986",%,Crude Prevalence,,,BRFSS,CLASS05,Topic33,10,BO1,CAT1,INCOME,RESP018,"(39.008830667000495, -75.57774116799965)"
2014,DE,Delaware,Demographics,Income,What is your annual household income?,"$35,000 -  49,999",Overall,Overall,506,14.2,12.5,15.8,"1,987",%,Crude Prevalence,,,BRFSS,CLASS05,Topic33,10,BO1,CAT1,INCOME,RESP019,"(39.008830667000495, -75.57774116799965)"
2014,DE,Delaware,Demographics,Income,What is your annual household income?,"$50,000+",Overall,Overall,"1,661",48.4,46,50.8,"1,988",%,Crude Prevalence,,,BRFSS,CLASS05,Topic33,10,BO1,CAT1,INCOME,RESP020,"(39.008830667000495, -75.57774116799965)"
2014,DC,District of Columbia,Demographics,Income,What is your annual household income?,"Less than $15,000",Overall,Overall,338,13.5,11.3,15.7,"1,974",%,Crude Prevalence,,,BRFSS,CLASS05,Topic33,11,BO1,CAT1,INCOME,RESP016,"(38.89037138500049, -77.03196112699965)"
2014,DC,District of Columbia,Demographics,Income,What is your annual household income?,"$15,000 - 24,999",Overall,Overall,428,17.1,14.6,19.6,"1,975",%,Crude Prevalence,,,BRFSS,CLASS05,Topic33,11,BO1,CAT1,INCOME,RESP017,"(38.89037138500049, -77.03196112699965)"
2014,DC,District of Columbia,Demographics,Income,What is your annual household income?,"$25,000 - 34,999",Overall,Overall,227,6.8,5.3,8.4,"1,976",%,Crude Prevalence,,,BRFSS,CLASS05,Topic33,11,BO1,CAT1,INCOME,RESP018,"(38.89037138500049, -77.03196112699965)"
2014,DC,District of Columbia,Demographics,Income,What is your annual household income?,"$35,000 -  49,999",Overall,Overall,329,8.9,7.3,10.6,"1,977",%,Crude Prevalence,,,BRFSS,CLASS05,Topic33,11,BO1,CAT1,INCOME,RESP019,"(38.89037138500049, -77.03196112699965)"
2014,DC,District of Columbia,Demographics,Income,What is your annual household income?,"$50,000+",Overall,Overall,"2,022",53.7,50.7,56.6,"1,978",%,Crude Prevalence,,,BRFSS,CLASS05,Topic33,11,BO1,CAT1,INCOME,RESP020,"(38.89037138500049, -77.03196112699965)"
2014,FL,Florida,Demographics,Income,What is your annual household income?,"Less than $15,000",Overall,Overall,969,13.7,12.6,14.8,"1,993",%,Crude Prevalence,,,BRFSS,CLASS05,Topic33,12,BO1,CAT1,INCOME,RESP016,"(28.932040377000476, -81.92896053899966)"
2014,FL,Florida,Demographics,Income,What is your annual household income?,"$15,000 - 24,999",Overall,Overall,"1,586",20.3,19.1,21.6,"1,994",%,Crude Prevalence,,,BRFSS,CLASS05,Topic33,12,BO1,CAT1,INCOME,RESP017,"(28.932040377000476, -81.92896053899966)"
2014,FL,Florida,Demographics,Income,What is your annual household income?,"$25,000 - 34,999",Overall,Overall,993,11.4,10.5,12.3,"1,995",%,Crude Prevalence,,,BRFSS,CLASS05,Topic33,12,BO1,CAT1,INCOME,RESP018,"(28.932040377000476, -81.92896053899966)"
2014,FL,Florida,Demographics,Income,What is your annual household income?,"$35,000 -  49,999",Overall,Overall,"1,200",14.5,13.5,15.6,"1,996",%,Crude Prevalence,,,BRFSS,CLASS05,Topic33,12,BO1,CAT1,INCOME,RESP019,"(28.932040377000476, -81.92896053899966)"
2014,FL,Florida,Demographics,Income,What is your annual household income?,"$50,000+",Overall,Overall,"3,481",40.1,38.7,41.5,"1,997",%,Crude Prevalence,,,BRFSS,CLASS05,Topic33,12,BO1,CAT1,INCOME,RESP020,"(28.932040377000476, -81.92896053899966)"
2014,GA,Georgia,Demographics,Income,What is your annual household income?,"Less than $15,000",Overall,Overall,675,13,11.7,14.4,"1,988",%,Crude Prevalence,,,BRFSS,CLASS05,Topic33,13,BO1,CAT1,INCOME,RESP016,"(32.83968109300048, -83.62758034599966)"
2014,GA,Georgia,Demographics,Income,What is your annual household income?,"$15,000 - 24,999",Overall,Overall,"1,036",21.2,19.6,22.8,"1,989",%,Crude Prevalence,,,BRFSS,CLASS05,Topic33,13,BO1,CAT1,INCOME,RESP017,"(32.83968109300048, -83.62758034599966)"
2014,GA,Georgia,Demographics,Income,What is your annual household income?,"$25,000 - 34,999",Overall,Overall,616,11,9.9,12.2,"1,990",%,Crude Prevalence,,,BRFSS,CLASS05,Topic33,13,BO1,CAT1,INCOME,RESP018,"(32.83968109300048, -83.62758034599966)"
2014,GA,Georgia,Demographics,Income,What is your annual household income?,"$35,000 -  49,999",Overall,Overall,703,13.3,12,14.5,"1,991",%,Crude Prevalence,,,BRFSS,CLASS05,Topic33,13,BO1,CAT1,INCOME,RESP019,"(32.83968109300048, -83.62758034599966)"
2014,GA,Georgia,Demographics,Income,What is your annual household income?,"$50,000+",Overall,Overall,"2,244",41.5,39.7,43.3,"1,992",%,Crude Prevalence,,,BRFSS,CLASS05,Topic33,13,BO1,CAT1,INCOME,RESP020,"(32.83968109300048, -83.62758034599966)"
2014,HI,Hawaii,Demographics,Income,What is your annual household income?,"Less than $15,000",Overall,Overall,771,10.7,9.5,11.8,"1,992",%,Crude Prevalence,,,BRFSS,CLASS05,Topic33,15,BO1,CAT1,INCOME,RESP016,"(21.304850435000446, -157.85774940299973)"
2014,HI,Hawaii,Demographics,Income,What is your annual household income?,"$15,000 - 24,999",Overall,Overall,990,15.3,14,16.5,"1,993",%,Crude Prevalence,,,BRFSS,CLASS05,Topic33,15,BO1,CAT1,INCOME,RESP017,"(21.304850435000446, -157.85774940299973)"
2014,HI,Hawaii,Demographics,Income,What is your annual household income?,"$25,000 - 34,999",Overall,Overall,732,11.3,10.1,12.4,"1,994",%,Crude Prevalence,,,BRFSS,CLASS05,Topic33,15,BO1,CAT1,INCOME,RESP018,"(21.304850435000446, -157.85774940299973)"
2014,HI,Hawaii,Demographics,Income,What is your annual household income?,"$35,000 -  49,999",Overall,Overall,914,13.7,12.5,14.9,"1,995",%,Crude Prevalence,,,BRFSS,CLASS05,Topic33,15,BO1,CAT1,INCOME,RESP019,"(21.304850435000446, -157.85774940299973)"
2014,HI,Hawaii,Demographics,Income,What is your annual household income?,"$50,000+",Overall,Overall,"3,016",49.1,47.4,50.9,"1,996",%,Crude Prevalence,,,BRFSS,CLASS05,Topic33,15,BO1,CAT1,INCOME,RESP020,"(21.304850435000446, -157.85774940299973)"
2014,ID,Idaho,Demographics,Income,What is your annual household income?,"Less than $15,000",Overall,Overall,557,9.2,8.2,10.3,"1,975",%,Crude Prevalence,,,BRFSS,CLASS05,Topic33,16,BO1,CAT1,INCOME,RESP016,"(43.682630005000476, -114.3637300419997)"
2014,ID,Idaho,Demographics,Income,What is your annual household income?,"$15,000 - 24,999",Overall,Overall,942,19.4,17.7,21.1,"1,976",%,Crude Prevalence,,,BRFSS,CLASS05,Topic33,16,BO1,CAT1,INCOME,RESP017,"(43.682630005000476, -114.3637300419997)"
2014,ID,Idaho,Demographics,Income,What is your annual household income?,"$25,000 - 34,999",Overall,Overall,640,12.6,11.2,13.9,"1,977",%,Crude Prevalence,,,BRFSS,CLASS05,Topic33,16,BO1,CAT1,INCOME,RESP018,"(43.682630005000476, -114.3637300419997)"
2014,ID,Idaho,Demographics,Income,What is your annual household income?,"$35,000 -  49,999",Overall,Overall,807,17,15.4,18.6,"1,978",%,Crude Prevalence,,,BRFSS,CLASS05,Topic33,16,BO1,CAT1,INCOME,RESP019,"(43.682630005000476, -114.3637300419997)"
2014,ID,Idaho,Demographics,Income,What is your annual household income?,"$50,000+",Overall,Overall,"1,869",41.9,39.8,43.9,"1,979",%,Crude Prevalence,,,BRFSS,CLASS05,Topic33,16,BO1,CAT1,INCOME,RESP020,"(43.682630005000476, -114.3637300419997)"
2014,IL,Illinois,Demographics,Income,What is your annual household income?,"Less than $15,000",Overall,Overall,442,12.6,11.2,14.1,"1,983",%,Crude Prevalence,,,BRFSS,CLASS05,Topic33,17,BO1,CAT1,INCOME,RESP016,"(40.48501028300046, -88.99771017799969)"
2014,IL,Illinois,Demographics,Income,What is your annual household income?,"$15,000 - 24,999",Overall,Overall,693,15.8,14.4,17.3,"1,984",%,Crude Prevalence,,,BRFSS,CLASS05,Topic33,17,BO1,CAT1,INCOME,RESP017,"(40.48501028300046, -88.99771017799969)"
2014,IL,Illinois,Demographics,Income,What is your annual household income?,"$25,000 - 34,999",Overall,Overall,482,10.3,9.1,11.5,"1,985",%,Crude Prevalence,,,BRFSS,CLASS05,Topic33,17,BO1,CAT1,INCOME,RESP018,"(40.48501028300046, -88.99771017799969)"
2014,IL,Illinois,Demographics,Income,What is your annual household income?,"$35,000 -  49,999",Overall,Overall,638,13.2,12,14.5,"1,986",%,Crude Prevalence,,,BRFSS,CLASS05,Topic33,17,BO1,CAT1,INCOME,RESP019,"(40.48501028300046, -88.99771017799969)"
2014,IL,Illinois,Demographics,Income,What is your annual household income?,"$50,000+",Overall,Overall,"2,451",48.1,46.2,50,"1,987",%,Crude Prevalence,,,BRFSS,CLASS05,Topic33,17,BO1,CAT1,INCOME,RESP020,"(40.48501028300046, -88.99771017799969)"
2014,IN,Indiana,Demographics,Income,What is your annual household income?,"Less than $15,000",Overall,Overall,"1,142",12.3,11.4,13.2,"1,989",%,Crude Prevalence,,,BRFSS,CLASS05,Topic33,18,BO1,CAT1,INCOME,RESP016,"(39.766910452000445, -86.14996019399968)"
2014,IN,Indiana,Demographics,Income,What is your annual household income?,"$15,000 - 24,999",Overall,Overall,"1,842",19,17.9,20.1,"1,990",%,Crude Prevalence,,,BRFSS,CLASS05,Topic33,18,BO1,CAT1,INCOME,RESP017,"(39.766910452000445, -86.14996019399968)"
2014,IN,Indiana,Demographics,Income,What is your annual household income?,"$25,000 - 34,999",Overall,Overall,"1,188",11.9,11,12.8,"1,991",%,Crude Prevalence,,,BRFSS,CLASS05,Topic33,18,BO1,CAT1,INCOME,RESP018,"(39.766910452000445, -86.14996019399968)"
2014,IN,Indiana,Demographics,Income,What is your annual household income?,"$35,000 -  49,999",Overall,Overall,"1,522",15.5,14.6,16.5,"1,992",%,Crude Prevalence,,,BRFSS,CLASS05,Topic33,18,BO1,CAT1,INCOME,RESP019,"(39.766910452000445, -86.14996019399968)"
2014,IN,Indiana,Demographics,Income,What is your annual household income?,"$50,000+",Overall,Overall,"4,072",41.3,40,42.6,"1,993",%,Crude Prevalence,,,BRFSS,CLASS05,Topic33,18,BO1,CAT1,INCOME,RESP020,"(39.766910452000445, -86.14996019399968)"
2014,IA,Iowa,Demographics,Income,What is your annual household income?,"Less than $15,000",Overall,Overall,559,9.3,8.2,10.3,"1,987",%,Crude Prevalence,,,BRFSS,CLASS05,Topic33,19,BO1,CAT1,INCOME,RESP016,"(42.46940091300047, -93.81649055599968)"
2014,IA,Iowa,Demographics,Income,What is your annual household income?,"$15,000 - 24,999",Overall,Overall,"1,086",14.8,13.7,16,"1,988",%,Crude Prevalence,,,BRFSS,CLASS05,Topic33,19,BO1,CAT1,INCOME,RESP017,"(42.46940091300047, -93.81649055599968)"
2014,IA,Iowa,Demographics,Income,What is your annual household income?,"$25,000 - 34,999",Overall,Overall,872,12.1,11.1,13.1,"1,989",%,Crude Prevalence,,,BRFSS,CLASS05,Topic33,19,BO1,CAT1,INCOME,RESP018,"(42.46940091300047, -93.81649055599968)"
2014,IA,Iowa,Demographics,Income,What is your annual household income?,"$35,000 -  49,999",Overall,Overall,"1,174",16.1,15,17.2,"1,990",%,Crude Prevalence,,,BRFSS,CLASS05,Topic33,19,BO1,CAT1,INCOME,RESP019,"(42.46940091300047, -93.81649055599968)"
2014,IA,Iowa,Demographics,Income,What is your annual household income?,"$50,000+",Overall,Overall,"3,239",47.7,46.2,49.3,"1,991",%,Crude Prevalence,,,BRFSS,CLASS05,Topic33,19,BO1,CAT1,INCOME,RESP020,"(42.46940091300047, -93.81649055599968)"
2014,KS,Kansas,Demographics,Income,What is your annual household income?,"Less than $15,000",Overall,Overall,"1,000",9,8.3,9.7,"1,995",%,Crude Prevalence,,,BRFSS,CLASS05,Topic33,20,BO1,CAT1,INCOME,RESP016,"(38.34774030000045, -98.20078122699965)"
2014,KS,Kansas,Demographics,Income,What is your annual household income?,"$15,000 - 24,999",Overall,Overall,"1,889",17.2,16.3,18.1,"1,996",%,Crude Prevalence,,,BRFSS,CLASS05,Topic33,20,BO1,CAT1,INCOME,RESP017,"(38.34774030000045, -98.20078122699965)"
2014,KS,Kansas,Demographics,Income,What is your annual household income?,"$25,000 - 34,999",Overall,Overall,"1,386",11.8,11.1,12.5,"1,997",%,Crude Prevalence,,,BRFSS,CLASS05,Topic33,20,BO1,CAT1,INCOME,RESP018,"(38.34774030000045, -98.20078122699965)"
2014,KS,Kansas,Demographics,Income,What is your annual household income?,"$35,000 -  49,999",Overall,Overall,"1,884",16.1,15.3,16.9,"1,998",%,Crude Prevalence,,,BRFSS,CLASS05,Topic33,20,BO1,CAT1,INCOME,RESP019,"(38.34774030000045, -98.20078122699965)"
2014,KS,Kansas,Demographics,Income,What is your annual household income?,"$50,000+",Overall,Overall,"5,376",45.9,44.8,47,"1,999",%,Crude Prevalence,,,BRFSS,CLASS05,Topic33,20,BO1,CAT1,INCOME,RESP020,"(38.34774030000045, -98.20078122699965)"
2014,KY,Kentucky,Demographics,Income,What is your annual household income?,"Less than $15,000",Overall,Overall,"1,447",14.9,13.7,16.2,"1,990",%,Crude Prevalence,,,BRFSS,CLASS05,Topic33,21,BO1,CAT1,INCOME,RESP016,"(37.645970271000465, -84.77497104799966)"
2014,KY,Kentucky,Demographics,Income,What is your annual household income?,"$15,000 - 24,999",Overall,Overall,"1,880",19.5,18.1,20.9,"1,991",%,Crude Prevalence,,,BRFSS,CLASS05,Topic33,21,BO1,CAT1,INCOME,RESP017,"(37.645970271000465, -84.77497104799966)"
2014,KY,Kentucky,Demographics,Income,What is your annual household income?,"$25,000 - 34,999",Overall,Overall,"1,219",12.8,11.6,13.9,"1,992",%,Crude Prevalence,,,BRFSS,CLASS05,Topic33,21,BO1,CAT1,INCOME,RESP018,"(37.645970271000465, -84.77497104799966)"
2014,KY,Kentucky,Demographics,Income,What is your annual household income?,"$35,000 -  49,999",Overall,Overall,"1,418",15.4,14.2,16.6,"1,993",%,Crude Prevalence,,,BRFSS,CLASS05,Topic33,21,BO1,CAT1,INCOME,RESP019,"(37.645970271000465, -84.77497104799966)"
2014,KY,Kentucky,Demographics,Income,What is your annual household income?,"$50,000+",Overall,Overall,"3,382",37.4,35.8,39,"1,994",%,Crude Prevalence,,,BRFSS,CLASS05,Topic33,21,BO1,CAT1,INCOME,RESP020,"(37.645970271000465, -84.77497104799966)"
2014,LA,Louisiana,Demographics,Income,What is your annual household income?,"Less than $15,000",Overall,Overall,907,15.6,14.4,16.8,"1,991",%,Crude Prevalence,,,BRFSS,CLASS05,Topic33,22,BO1,CAT1,INCOME,RESP016,"(31.31266064400046, -92.44568007099969)"
2014,LA,Louisiana,Demographics,Income,What is your annual household income?,"$15,000 - 24,999",Overall,Overall,"1,161",20.9,19.6,22.3,"1,992",%,Crude Prevalence,,,BRFSS,CLASS05,Topic33,22,BO1,CAT1,INCOME,RESP017,"(31.31266064400046, -92.44568007099969)"
2014,LA,Louisiana,Demographics,Income,What is your annual household income?,"$25,000 - 34,999",Overall,Overall,612,10.1,9.1,11,"1,993",%,Crude Prevalence,,,BRFSS,CLASS05,Topic33,22,BO1,CAT1,INCOME,RESP018,"(31.31266064400046, -92.44568007099969)"
2014,LA,Louisiana,Demographics,Income,What is your annual household income?,"$35,000 -  49,999",Overall,Overall,715,12.6,11.5,13.7,"1,994",%,Crude Prevalence,,,BRFSS,CLASS05,Topic33,22,BO1,CAT1,INCOME,RESP019,"(31.31266064400046, -92.44568007099969)"
2014,LA,Louisiana,Demographics,Income,What is your annual household income?,"$50,000+",Overall,Overall,"2,289",40.8,39.2,42.4,"1,995",%,Crude Prevalence,,,BRFSS,CLASS05,Topic33,22,BO1,CAT1,INCOME,RESP020,"(31.31266064400046, -92.44568007099969)"
2014,ME,Maine,Demographics,Income,What is your annual household income?,"Less than $15,000",Overall,Overall,933,10.5,9.6,11.4,"1,980",%,Crude Prevalence,,,BRFSS,CLASS05,Topic33,23,BO1,CAT1,INCOME,RESP016,"(45.254228894000505, -68.98503133599962)"
2014,ME,Maine,Demographics,Income,What is your annual household income?,"$15,000 - 24,999",Overall,Overall,"1,520",18.3,17.2,19.5,"1,981",%,Crude Prevalence,,,BRFSS,CLASS05,Topic33,23,BO1,CAT1,INCOME,RESP017,"(45.254228894000505, -68.98503133599962)"
2014,ME,Maine,Demographics,Income,What is your annual household income?,"$25,000 - 34,999",Overall,Overall,962,11.6,10.6,12.5,"1,982",%,Crude Prevalence,,,BRFSS,CLASS05,Topic33,23,BO1,CAT1,INCOME,RESP018,"(45.254228894000505, -68.98503133599962)"
2014,ME,Maine,Demographics,Income,What is your annual household income?,"$35,000 -  49,999",Overall,Overall,"1,284",16.7,15.6,17.9,"1,983",%,Crude Prevalence,,,BRFSS,CLASS05,Topic33,23,BO1,CAT1,INCOME,RESP019,"(45.254228894000505, -68.98503133599962)"
2014,ME,Maine,Demographics,Income,What is your annual household income?,"$50,000+",Overall,Overall,"3,440",42.9,41.5,44.4,"1,984",%,Crude Prevalence,,,BRFSS,CLASS05,Topic33,23,BO1,CAT1,INCOME,RESP020,"(45.254228894000505, -68.98503133599962)"
2014,MD,Maryland,Demographics,Income,What is your annual household income?,"Less than $15,000",Overall,Overall,649,7,6,8,"1,995",%,Crude Prevalence,,,BRFSS,CLASS05,Topic33,24,BO1,CAT1,INCOME,RESP016,"(39.29058096400047, -76.60926011099963)"
2014,MD,Maryland,Demographics,Income,What is your annual household income?,"$15,000 - 24,999",Overall,Overall,"1,450",15.1,13.7,16.6,"1,996",%,Crude Prevalence,,,BRFSS,CLASS05,Topic33,24,BO1,CAT1,INCOME,RESP017,"(39.29058096400047, -76.60926011099963)"
2014,MD,Maryland,Demographics,Income,What is your annual household income?,"$25,000 - 34,999",Overall,Overall,915,8.8,7.8,9.9,"1,997",%,Crude Prevalence,,,BRFSS,CLASS05,Topic33,24,BO1,CAT1,INCOME,RESP018,"(39.29058096400047, -76.60926011099963)"
2014,MD,Maryland,Demographics,Income,What is your annual household income?,"$35,000 -  49,999",Overall,Overall,"1,223",11.1,10,12.2,"1,998",%,Crude Prevalence,,,BRFSS,CLASS05,Topic33,24,BO1,CAT1,INCOME,RESP019,"(39.29058096400047, -76.60926011099963)"
2014,MD,Maryland,Demographics,Income,What is your annual household income?,"$50,000+",Overall,Overall,"6,166",58,56.2,59.7,"1,999",%,Crude Prevalence,,,BRFSS,CLASS05,Topic33,24,BO1,CAT1,INCOME,RESP020,"(39.29058096400047, -76.60926011099963)"
2014,MA,Massachusetts,Demographics,Income,What is your annual household income?,"Less than $15,000",Overall,Overall,"1,197",9.3,8.4,10.2,"1,995",%,Crude Prevalence,,,BRFSS,CLASS05,Topic33,25,BO1,CAT1,INCOME,RESP016,"(42.27687047000046, -72.08269067499964)"
2014,MA,Massachusetts,Demographics,Income,What is your annual household income?,"$15,000 - 24,999",Overall,Overall,"2,181",15.4,14.3,16.4,"1,996",%,Crude Prevalence,,,BRFSS,CLASS05,Topic33,25,BO1,CAT1,INCOME,RESP017,"(42.27687047000046, -72.08269067499964)"
2014,MA,Massachusetts,Demographics,Income,What is your annual household income?,"$25,000 - 34,999",Overall,Overall,"1,270",9.1,8.3,9.9,"1,997",%,Crude Prevalence,,,BRFSS,CLASS05,Topic33,25,BO1,CAT1,INCOME,RESP018,"(42.27687047000046, -72.08269067499964)"
2014,MA,Massachusetts,Demographics,Income,What is your annual household income?,"$35,000 -  49,999",Overall,Overall,"1,692",12.2,11.3,13.1,"1,998",%,Crude Prevalence,,,BRFSS,CLASS05,Topic33,25,BO1,CAT1,INCOME,RESP019,"(42.27687047000046, -72.08269067499964)"
2014,MA,Massachusetts,Demographics,Income,What is your annual household income?,"$50,000+",Overall,Overall,"6,694",54,52.7,55.4,"1,999",%,Crude Prevalence,,,BRFSS,CLASS05,Topic33,25,BO1,CAT1,INCOME,RESP020,"(42.27687047000046, -72.08269067499964)"
2014,MI,Michigan,Demographics,Income,What is your annual household income?,"Less than $15,000",Overall,Overall,698,11.5,10.4,12.5,"1,996",%,Crude Prevalence,,,BRFSS,CLASS05,Topic33,26,BO1,CAT1,INCOME,RESP016,"(44.6613195430005, -84.71439026999968)"
2014,MI,Michigan,Demographics,Income,What is your annual household income?,"$15,000 - 24,999",Overall,Overall,"1,145",16.3,15.2,17.5,"1,997",%,Crude Prevalence,,,BRFSS,CLASS05,Topic33,26,BO1,CAT1,INCOME,RESP017,"(44.6613195430005, -84.71439026999968)"
2014,MI,Michigan,Demographics,Income,What is your annual household income?,"$25,000 - 34,999",Overall,Overall,923,12.4,11.4,13.4,"1,998",%,Crude Prevalence,,,BRFSS,CLASS05,Topic33,26,BO1,CAT1,INCOME,RESP018,"(44.6613195430005, -84.71439026999968)"
2014,MI,Michigan,Demographics,Income,What is your annual household income?,"$35,000 -  49,999",Overall,Overall,"1,142",15.1,14.1,16.2,"1,999",%,Crude Prevalence,,,BRFSS,CLASS05,Topic33,26,BO1,CAT1,INCOME,RESP019,"(44.6613195430005, -84.71439026999968)"
2014,MI,Michigan,Demographics,Income,What is your annual household income?,"$50,000+",Overall,Overall,"3,328",44.7,43.2,46.1,"2,000",%,Crude Prevalence,,,BRFSS,CLASS05,Topic33,26,BO1,CAT1,INCOME,RESP020,"(44.6613195430005, -84.71439026999968)"
2014,MN,Minnesota,Demographics,Income,What is your annual household income?,"Less than $15,000",Overall,Overall,941,6.7,6.1,7.2,"1,997",%,Crude Prevalence,,,BRFSS,CLASS05,Topic33,27,BO1,CAT1,INCOME,RESP016,"(46.35564873600049, -94.79420050299967)"
2014,MN,Minnesota,Demographics,Income,What is your annual household income?,"$15,000 - 24,999",Overall,Overall,"2,000",14.3,13.6,15.1,"1,998",%,Crude Prevalence,,,BRFSS,CLASS05,Topic33,27,BO1,CAT1,INCOME,RESP017,"(46.35564873600049, -94.79420050299967)"
2014,MN,Minnesota,Demographics,Income,What is your annual household income?,"$25,000 - 34,999",Overall,Overall,"1,485",10.6,10,11.3,"1,999",%,Crude Prevalence,,,BRFSS,CLASS05,Topic33,27,BO1,CAT1,INCOME,RESP018,"(46.35564873600049, -94.79420050299967)"
2014,MN,Minnesota,Demographics,Income,What is your annual household income?,"$35,000 -  49,999",Overall,Overall,"2,161",14.8,14.1,15.5,"2,000",%,Crude Prevalence,,,BRFSS,CLASS05,Topic33,27,BO1,CAT1,INCOME,RESP019,"(46.35564873600049, -94.79420050299967)"
2014,MN,Minnesota,Demographics,Income,What is your annual household income?,"$50,000+",Overall,Overall,"7,707",53.6,52.6,54.6,"2,001",%,Crude Prevalence,,,BRFSS,CLASS05,Topic33,27,BO1,CAT1,INCOME,RESP020,"(46.35564873600049, -94.79420050299967)"
2014,MS,Mississippi,Demographics,Income,What is your annual household income?,"Less than $15,000",Overall,Overall,692,18.5,16.7,20.3,"1,969",%,Crude Prevalence,,,BRFSS,CLASS05,Topic33,28,BO1,CAT1,INCOME,RESP016,"(32.745510099000455, -89.53803082499968)"
2014,MS,Mississippi,Demographics,Income,What is your annual household income?,"$15,000 - 24,999",Overall,Overall,805,23.2,21.3,25.2,"1,970",%,Crude Prevalence,,,BRFSS,CLASS05,Topic33,28,BO1,CAT1,INCOME,RESP017,"(32.745510099000455, -89.53803082499968)"
2014,MS,Mississippi,Demographics,Income,What is your annual household income?,"$25,000 - 34,999",Overall,Overall,488,14.2,12.5,15.9,"1,971",%,Crude Prevalence,,,BRFSS,CLASS05,Topic33,28,BO1,CAT1,INCOME,RESP018,"(32.745510099000455, -89.53803082499968)"
2014,MS,Mississippi,Demographics,Income,What is your annual household income?,"$35,000 -  49,999",Overall,Overall,464,13.6,12,15.2,"1,972",%,Crude Prevalence,,,BRFSS,CLASS05,Topic33,28,BO1,CAT1,INCOME,RESP019,"(32.745510099000455, -89.53803082499968)"
2014,MS,Mississippi,Demographics,Income,What is your annual household income?,"$50,000+",Overall,Overall,"1,100",30.5,28.4,32.6,"1,973",%,Crude Prevalence,,,BRFSS,CLASS05,Topic33,28,BO1,CAT1,INCOME,RESP020,"(32.745510099000455, -89.53803082499968)"
2014,MO,Missouri,Demographics,Income,What is your annual household income?,"Less than $15,000",Overall,Overall,734,10.7,9.5,11.9,"1,991",%,Crude Prevalence,,,BRFSS,CLASS05,Topic33,29,BO1,CAT1,INCOME,RESP016,"(38.635790776000476, -92.56630005299968)"
2014,MO,Missouri,Demographics,Income,What is your annual household income?,"$15,000 - 24,999",Overall,Overall,"1,163",16.6,15.2,17.9,"1,992",%,Crude Prevalence,,,BRFSS,CLASS05,Topic33,29,BO1,CAT1,INCOME,RESP017,"(38.635790776000476, -92.56630005299968)"
2014,MO,Missouri,Demographics,Income,What is your annual household income?,"$25,000 - 34,999",Overall,Overall,760,11.8,10.6,13,"1,993",%,Crude Prevalence,,,BRFSS,CLASS05,Topic33,29,BO1,CAT1,INCOME,RESP018,"(38.635790776000476, -92.56630005299968)"
2014,MO,Missouri,Demographics,Income,What is your annual household income?,"$35,000 -  49,999",Overall,Overall,952,16.4,15,17.9,"1,994",%,Crude Prevalence,,,BRFSS,CLASS05,Topic33,29,BO1,CAT1,INCOME,RESP019,"(38.635790776000476, -92.56630005299968)"
2014,MO,Missouri,Demographics,Income,What is your annual household income?,"$50,000+",Overall,Overall,"2,247",44.5,42.6,46.4,"1,995",%,Crude Prevalence,,,BRFSS,CLASS05,Topic33,29,BO1,CAT1,INCOME,RESP020,"(38.635790776000476, -92.56630005299968)"
2014,MT,Montana,Demographics,Income,What is your annual household income?,"Less than $15,000",Overall,Overall,723,11.2,10,12.4,"1,977",%,Crude Prevalence,,,BRFSS,CLASS05,Topic33,30,BO1,CAT1,INCOME,RESP016,"(47.06652897200047, -109.42442064499971)"
2014,MT,Montana,Demographics,Income,What is your annual household income?,"$15,000 - 24,999",Overall,Overall,"1,314",19.5,18,20.9,"1,978",%,Crude Prevalence,,,BRFSS,CLASS05,Topic33,30,BO1,CAT1,INCOME,RESP017,"(47.06652897200047, -109.42442064499971)"
2014,MT,Montana,Demographics,Income,What is your annual household income?,"$25,000 - 34,999",Overall,Overall,805,11.9,10.7,13,"1,979",%,Crude Prevalence,,,BRFSS,CLASS05,Topic33,30,BO1,CAT1,INCOME,RESP018,"(47.06652897200047, -109.42442064499971)"
2014,MT,Montana,Demographics,Income,What is your annual household income?,"$35,000 -  49,999",Overall,Overall,"1,049",16.1,14.8,17.4,"1,980",%,Crude Prevalence,,,BRFSS,CLASS05,Topic33,30,BO1,CAT1,INCOME,RESP019,"(47.06652897200047, -109.42442064499971)"
2014,MT,Montana,Demographics,Income,What is your annual household income?,"$50,000+",Overall,Overall,"2,531",41.4,39.7,43.2,"1,981",%,Crude Prevalence,,,BRFSS,CLASS05,Topic33,30,BO1,CAT1,INCOME,RESP020,"(47.06652897200047, -109.42442064499971)"
2014,NE,Nebraska,Demographics,Income,What is your annual household income?,"Less than $15,000",Overall,Overall,"1,801",9,8.3,9.7,"1,995",%,Crude Prevalence,,,BRFSS,CLASS05,Topic33,31,BO1,CAT1,INCOME,RESP016,"(41.6410409880005, -99.36572062299967)"
2014,NE,Nebraska,Demographics,Income,What is your annual household income?,"$15,000 - 24,999",Overall,Overall,"3,417",16.8,15.9,17.6,"1,996",%,Crude Prevalence,,,BRFSS,CLASS05,Topic33,31,BO1,CAT1,INCOME,RESP017,"(41.6410409880005, -99.36572062299967)"
2014,NE,Nebraska,Demographics,Income,What is your annual household income?,"$25,000 - 34,999",Overall,Overall,"2,543",11.4,10.7,12.2,"1,997",%,Crude Prevalence,,,BRFSS,CLASS05,Topic33,31,BO1,CAT1,INCOME,RESP018,"(41.6410409880005, -99.36572062299967)"
2014,NE,Nebraska,Demographics,Income,What is your annual household income?,"$35,000 -  49,999",Overall,Overall,"3,390",16.3,15.4,17.1,"1,998",%,Crude Prevalence,,,BRFSS,CLASS05,Topic33,31,BO1,CAT1,INCOME,RESP019,"(41.6410409880005, -99.36572062299967)"
2014,NE,Nebraska,Demographics,Income,What is your annual household income?,"$50,000+",Overall,Overall,"8,450",46.6,45.4,47.7,"1,999",%,Crude Prevalence,,,BRFSS,CLASS05,Topic33,31,BO1,CAT1,INCOME,RESP020,"(41.6410409880005, -99.36572062299967)"
2014,NV,Nevada,Demographics,Income,What is your annual household income?,"Less than $15,000",Overall,Overall,298,11.1,9.2,13.1,"1,985",%,Crude Prevalence,,,BRFSS,CLASS05,Topic33,32,BO1,CAT1,INCOME,RESP016,"(39.493240390000494, -117.07184056399967)"
2014,NV,Nevada,Demographics,Income,What is your annual household income?,"$15,000 - 24,999",Overall,Overall,576,18.7,16.6,20.8,"1,986",%,Crude Prevalence,,,BRFSS,CLASS05,Topic33,32,BO1,CAT1,INCOME,RESP017,"(39.493240390000494, -117.07184056399967)"
2014,NV,Nevada,Demographics,Income,What is your annual household income?,"$25,000 - 34,999",Overall,Overall,372,12.8,10.8,14.7,"1,987",%,Crude Prevalence,,,BRFSS,CLASS05,Topic33,32,BO1,CAT1,INCOME,RESP018,"(39.493240390000494, -117.07184056399967)"
2014,NV,Nevada,Demographics,Income,What is your annual household income?,"$35,000 -  49,999",Overall,Overall,460,13.5,11.6,15.3,"1,988",%,Crude Prevalence,,,BRFSS,CLASS05,Topic33,32,BO1,CAT1,INCOME,RESP019,"(39.493240390000494, -117.07184056399967)"
2014,NV,Nevada,Demographics,Income,What is your annual household income?,"$50,000+",Overall,Overall,"1,489",44,41.3,46.7,"1,989",%,Crude Prevalence,,,BRFSS,CLASS05,Topic33,32,BO1,CAT1,INCOME,RESP020,"(39.493240390000494, -117.07184056399967)"
2014,NH,New Hampshire,Demographics,Income,What is your annual household income?,"Less than $15,000",Overall,Overall,438,7.5,6.4,8.6,"1,971",%,Crude Prevalence,,,BRFSS,CLASS05,Topic33,33,BO1,CAT1,INCOME,RESP016,"(43.65595011300047, -71.50036091999965)"
2014,NH,New Hampshire,Demographics,Income,What is your annual household income?,"$15,000 - 24,999",Overall,Overall,763,12.7,11.4,14,"1,972",%,Crude Prevalence,,,BRFSS,CLASS05,Topic33,33,BO1,CAT1,INCOME,RESP017,"(43.65595011300047, -71.50036091999965)"
2014,NH,New Hampshire,Demographics,Income,What is your annual household income?,"$25,000 - 34,999",Overall,Overall,598,10.7,9.4,11.9,"1,973",%,Crude Prevalence,,,BRFSS,CLASS05,Topic33,33,BO1,CAT1,INCOME,RESP018,"(43.65595011300047, -71.50036091999965)"
2014,NH,New Hampshire,Demographics,Income,What is your annual household income?,"$35,000 -  49,999",Overall,Overall,741,13.4,12.1,14.7,"1,974",%,Crude Prevalence,,,BRFSS,CLASS05,Topic33,33,BO1,CAT1,INCOME,RESP019,"(43.65595011300047, -71.50036091999965)"
2014,NH,New Hampshire,Demographics,Income,What is your annual household income?,"$50,000+",Overall,Overall,"2,670",55.8,53.8,57.7,"1,975",%,Crude Prevalence,,,BRFSS,CLASS05,Topic33,33,BO1,CAT1,INCOME,RESP020,"(43.65595011300047, -71.50036091999965)"
2014,NJ,New Jersey,Demographics,Income,What is your annual household income?,"Less than $15,000",Overall,Overall,829,7.6,6.9,8.4,"1,994",%,Crude Prevalence,,,BRFSS,CLASS05,Topic33,34,BO1,CAT1,INCOME,RESP016,"(40.13057004800049, -74.27369128799967)"
2014,NJ,New Jersey,Demographics,Income,What is your annual household income?,"$15,000 - 24,999",Overall,Overall,"1,736",16.3,15.2,17.4,"1,995",%,Crude Prevalence,,,BRFSS,CLASS05,Topic33,34,BO1,CAT1,INCOME,RESP017,"(40.13057004800049, -74.27369128799967)"
2014,NJ,New Jersey,Demographics,Income,What is your annual household income?,"$25,000 - 34,999",Overall,Overall,935,8.9,8.1,9.8,"1,996",%,Crude Prevalence,,,BRFSS,CLASS05,Topic33,34,BO1,CAT1,INCOME,RESP018,"(40.13057004800049, -74.27369128799967)"
2014,NJ,New Jersey,Demographics,Income,What is your annual household income?,"$35,000 -  49,999",Overall,Overall,"1,329",11.2,10.4,12,"1,997",%,Crude Prevalence,,,BRFSS,CLASS05,Topic33,34,BO1,CAT1,INCOME,RESP019,"(40.13057004800049, -74.27369128799967)"
2014,NJ,New Jersey,Demographics,Income,What is your annual household income?,"$50,000+",Overall,Overall,"5,954",55.9,54.5,57.3,"1,998",%,Crude Prevalence,,,BRFSS,CLASS05,Topic33,34,BO1,CAT1,INCOME,RESP020,"(40.13057004800049, -74.27369128799967)"
2014,NM,New Mexico,Demographics,Income,What is your annual household income?,"Less than $15,000",Overall,Overall,"1,198",16.5,15.2,17.8,"1,986",%,Crude Prevalence,,,BRFSS,CLASS05,Topic33,35,BO1,CAT1,INCOME,RESP016,"(34.52088095200048, -106.24058098499967)"
2014,NM,New Mexico,Demographics,Income,What is your annual household income?,"$15,000 - 24,999",Overall,Overall,"1,635",23.5,21.9,25,"1,987",%,Crude Prevalence,,,BRFSS,CLASS05,Topic33,35,BO1,CAT1,INCOME,RESP017,"(34.52088095200048, -106.24058098499967)"
2014,NM,New Mexico,Demographics,Income,What is your annual household income?,"$25,000 - 34,999",Overall,Overall,910,12,10.9,13.2,"1,988",%,Crude Prevalence,,,BRFSS,CLASS05,Topic33,35,BO1,CAT1,INCOME,RESP018,"(34.52088095200048, -106.24058098499967)"
2014,NM,New Mexico,Demographics,Income,What is your annual household income?,"$35,000 -  49,999",Overall,Overall,"1,072",13.4,12.2,14.6,"1,989",%,Crude Prevalence,,,BRFSS,CLASS05,Topic33,35,BO1,CAT1,INCOME,RESP019,"(34.52088095200048, -106.24058098499967)"
2014,NM,New Mexico,Demographics,Income,What is your annual household income?,"$50,000+",Overall,Overall,"2,851",34.6,33,36.2,"1,990",%,Crude Prevalence,,,BRFSS,CLASS05,Topic33,35,BO1,CAT1,INCOME,RESP020,"(34.52088095200048, -106.24058098499967)"
2014,NY,New York,Demographics,Income,What is your annual household income?,"Less than $15,000",Overall,Overall,707,13.1,11.9,14.3,"1,988",%,Crude Prevalence,,,BRFSS,CLASS05,Topic33,36,BO1,CAT1,INCOME,RESP016,"(42.82700103200045, -75.54397042699964)"
2014,NY,New York,Demographics,Income,What is your annual household income?,"$15,000 - 24,999",Overall,Overall,993,17.2,15.9,18.4,"1,989",%,Crude Prevalence,,,BRFSS,CLASS05,Topic33,36,BO1,CAT1,INCOME,RESP017,"(42.82700103200045, -75.54397042699964)"
2014,NY,New York,Demographics,Income,What is your annual household income?,"$25,000 - 34,999",Overall,Overall,559,10.4,9.3,11.4,"1,990",%,Crude Prevalence,,,BRFSS,CLASS05,Topic33,36,BO1,CAT1,INCOME,RESP018,"(42.82700103200045, -75.54397042699964)"
2014,NY,New York,Demographics,Income,What is your annual household income?,"$35,000 -  49,999",Overall,Overall,759,13.5,12.3,14.6,"1,991",%,Crude Prevalence,,,BRFSS,CLASS05,Topic33,36,BO1,CAT1,INCOME,RESP019,"(42.82700103200045, -75.54397042699964)"
2014,NY,New York,Demographics,Income,What is your annual household income?,"$50,000+",Overall,Overall,"2,784",45.9,44.3,47.6,"1,992",%,Crude Prevalence,,,BRFSS,CLASS05,Topic33,36,BO1,CAT1,INCOME,RESP020,"(42.82700103200045, -75.54397042699964)"
2014,NC,North Carolina,Demographics,Income,What is your annual household income?,"Less than $15,000",Overall,Overall,763,12.9,11.8,13.9,"1,990",%,Crude Prevalence,,,BRFSS,CLASS05,Topic33,37,BO1,CAT1,INCOME,RESP016,"(35.466220975000454, -79.15925046299964)"
2014,NC,North Carolina,Demographics,Income,What is your annual household income?,"$15,000 - 24,999",Overall,Overall,"1,191",20.6,19.4,21.9,"1,991",%,Crude Prevalence,,,BRFSS,CLASS05,Topic33,37,BO1,CAT1,INCOME,RESP017,"(35.466220975000454, -79.15925046299964)"
2014,NC,North Carolina,Demographics,Income,What is your annual household income?,"$25,000 - 34,999",Overall,Overall,703,11.6,10.6,12.5,"1,992",%,Crude Prevalence,,,BRFSS,CLASS05,Topic33,37,BO1,CAT1,INCOME,RESP018,"(35.466220975000454, -79.15925046299964)"
2014,NC,North Carolina,Demographics,Income,What is your annual household income?,"$35,000 -  49,999",Overall,Overall,846,15,13.9,16.2,"1,993",%,Crude Prevalence,,,BRFSS,CLASS05,Topic33,37,BO1,CAT1,INCOME,RESP019,"(35.466220975000454, -79.15925046299964)"
2014,NC,North Carolina,Demographics,Income,What is your annual household income?,"$50,000+",Overall,Overall,"2,247",40,38.4,41.5,"1,994",%,Crude Prevalence,,,BRFSS,CLASS05,Topic33,37,BO1,CAT1,INCOME,RESP020,"(35.466220975000454, -79.15925046299964)"
2014,ND,North Dakota,Demographics,Income,What is your annual household income?,"Less than $15,000",Overall,Overall,459,8.8,7.5,10,"1,956",%,Crude Prevalence,,,BRFSS,CLASS05,Topic33,38,BO1,CAT1,INCOME,RESP016,"(47.47531977900047, -100.11842104899966)"
2014,ND,North Dakota,Demographics,Income,What is your annual household income?,"$15,000 - 24,999",Overall,Overall,887,14.6,13.1,16,"1,957",%,Crude Prevalence,,,BRFSS,CLASS05,Topic33,38,BO1,CAT1,INCOME,RESP017,"(47.47531977900047, -100.11842104899966)"
2014,ND,North Dakota,Demographics,Income,What is your annual household income?,"$25,000 - 34,999",Overall,Overall,703,11.2,9.9,12.5,"1,958",%,Crude Prevalence,,,BRFSS,CLASS05,Topic33,38,BO1,CAT1,INCOME,RESP018,"(47.47531977900047, -100.11842104899966)"
2014,ND,North Dakota,Demographics,Income,What is your annual household income?,"$35,000 -  49,999",Overall,Overall,996,13.7,12.4,15,"1,959",%,Crude Prevalence,,,BRFSS,CLASS05,Topic33,38,BO1,CAT1,INCOME,RESP019,"(47.47531977900047, -100.11842104899966)"
2014,ND,North Dakota,Demographics,Income,What is your annual household income?,"$50,000+",Overall,Overall,"3,704",51.8,49.8,53.7,"1,960",%,Crude Prevalence,,,BRFSS,CLASS05,Topic33,38,BO1,CAT1,INCOME,RESP020,"(47.47531977900047, -100.11842104899966)"
2014,OH,Ohio,Demographics,Income,What is your annual household income?,"Less than $15,000",Overall,Overall,"1,075",11.2,10.1,12.2,"1,994",%,Crude Prevalence,,,BRFSS,CLASS05,Topic33,39,BO1,CAT1,INCOME,RESP016,"(40.06021014100048, -82.40426005599966)"
2014,OH,Ohio,Demographics,Income,What is your annual household income?,"$15,000 - 24,999",Overall,Overall,"1,812",18.8,17.5,20.1,"1,995",%,Crude Prevalence,,,BRFSS,CLASS05,Topic33,39,BO1,CAT1,INCOME,RESP017,"(40.06021014100048, -82.40426005599966)"
2014,OH,Ohio,Demographics,Income,What is your annual household income?,"$25,000 - 34,999",Overall,Overall,"1,132",10.4,9.5,11.4,"1,996",%,Crude Prevalence,,,BRFSS,CLASS05,Topic33,39,BO1,CAT1,INCOME,RESP018,"(40.06021014100048, -82.40426005599966)"
2014,OH,Ohio,Demographics,Income,What is your annual household income?,"$35,000 -  49,999",Overall,Overall,"1,412",15.6,14.5,16.8,"1,997",%,Crude Prevalence,,,BRFSS,CLASS05,Topic33,39,BO1,CAT1,INCOME,RESP019,"(40.06021014100048, -82.40426005599966)"
2014,OH,Ohio,Demographics,Income,What is your annual household income?,"$50,000+",Overall,Overall,"3,826",44,42.4,45.6,"1,998",%,Crude Prevalence,,,BRFSS,CLASS05,Topic33,39,BO1,CAT1,INCOME,RESP020,"(40.06021014100048, -82.40426005599966)"
2014,OK,Oklahoma,Demographics,Income,What is your annual household income?,"Less than $15,000",Overall,Overall,930,12,11,12.9,"1,994",%,Crude Prevalence,,,BRFSS,CLASS05,Topic33,40,BO1,CAT1,INCOME,RESP016,"(35.47203135600046, -97.52107021399968)"
2014,OK,Oklahoma,Demographics,Income,What is your annual household income?,"$15,000 - 24,999",Overall,Overall,"1,405",19.9,18.6,21.1,"1,995",%,Crude Prevalence,,,BRFSS,CLASS05,Topic33,40,BO1,CAT1,INCOME,RESP017,"(35.47203135600046, -97.52107021399968)"
2014,OK,Oklahoma,Demographics,Income,What is your annual household income?,"$25,000 - 34,999",Overall,Overall,928,13.1,12,14.1,"1,996",%,Crude Prevalence,,,BRFSS,CLASS05,Topic33,40,BO1,CAT1,INCOME,RESP018,"(35.47203135600046, -97.52107021399968)"
2014,OK,Oklahoma,Demographics,Income,What is your annual household income?,"$35,000 -  49,999",Overall,Overall,"1,069",14.8,13.8,15.9,"1,997",%,Crude Prevalence,,,BRFSS,CLASS05,Topic33,40,BO1,CAT1,INCOME,RESP019,"(35.47203135600046, -97.52107021399968)"
2014,OK,Oklahoma,Demographics,Income,What is your annual household income?,"$50,000+",Overall,Overall,"2,921",40.2,38.8,41.7,"1,998",%,Crude Prevalence,,,BRFSS,CLASS05,Topic33,40,BO1,CAT1,INCOME,RESP020,"(35.47203135600046, -97.52107021399968)"
2014,OR,Oregon,Demographics,Income,What is your annual household income?,"Less than $15,000",Overall,Overall,456,10.5,9.3,11.7,"1,983",%,Crude Prevalence,,,BRFSS,CLASS05,Topic33,41,BO1,CAT1,INCOME,RESP016,"(44.56744942400047, -120.15503132599969)"
2014,OR,Oregon,Demographics,Income,What is your annual household income?,"$15,000 - 24,999",Overall,Overall,810,19.4,17.9,21,"1,984",%,Crude Prevalence,,,BRFSS,CLASS05,Topic33,41,BO1,CAT1,INCOME,RESP017,"(44.56744942400047, -120.15503132599969)"
2014,OR,Oregon,Demographics,Income,What is your annual household income?,"$25,000 - 34,999",Overall,Overall,530,11.7,10.4,13,"1,985",%,Crude Prevalence,,,BRFSS,CLASS05,Topic33,41,BO1,CAT1,INCOME,RESP018,"(44.56744942400047, -120.15503132599969)"
2014,OR,Oregon,Demographics,Income,What is your annual household income?,"$35,000 -  49,999",Overall,Overall,704,15,13.7,16.4,"1,986",%,Crude Prevalence,,,BRFSS,CLASS05,Topic33,41,BO1,CAT1,INCOME,RESP019,"(44.56744942400047, -120.15503132599969)"
2014,OR,Oregon,Demographics,Income,What is your annual household income?,"$50,000+",Overall,Overall,"1,923",43.4,41.5,45.4,"1,987",%,Crude Prevalence,,,BRFSS,CLASS05,Topic33,41,BO1,CAT1,INCOME,RESP020,"(44.56744942400047, -120.15503132599969)"
2014,PA,Pennsylvania,Demographics,Income,What is your annual household income?,"Less than $15,000",Overall,Overall,"1,033",9.8,8.9,10.6,"1,990",%,Crude Prevalence,,,BRFSS,CLASS05,Topic33,42,BO1,CAT1,INCOME,RESP016,"(40.79373015200048, -77.86070029399963)"
2014,PA,Pennsylvania,Demographics,Income,What is your annual household income?,"$15,000 - 24,999",Overall,Overall,"1,720",16.6,15.5,17.7,"1,991",%,Crude Prevalence,,,BRFSS,CLASS05,Topic33,42,BO1,CAT1,INCOME,RESP017,"(40.79373015200048, -77.86070029399963)"
2014,PA,Pennsylvania,Demographics,Income,What is your annual household income?,"$25,000 - 34,999",Overall,Overall,"1,191",11.2,10.4,12.1,"1,992",%,Crude Prevalence,,,BRFSS,CLASS05,Topic33,42,BO1,CAT1,INCOME,RESP018,"(40.79373015200048, -77.86070029399963)"
2014,PA,Pennsylvania,Demographics,Income,What is your annual household income?,"$35,000 -  49,999",Overall,Overall,"1,447",15.3,14.2,16.4,"1,993",%,Crude Prevalence,,,BRFSS,CLASS05,Topic33,42,BO1,CAT1,INCOME,RESP019,"(40.79373015200048, -77.86070029399963)"
2014,PA,Pennsylvania,Demographics,Income,What is your annual household income?,"$50,000+",Overall,Overall,"4,002",47.1,45.7,48.5,"1,994",%,Crude Prevalence,,,BRFSS,CLASS05,Topic33,42,BO1,CAT1,INCOME,RESP020,"(40.79373015200048, -77.86070029399963)"
2014,RI,Rhode Island,Demographics,Income,What is your annual household income?,"Less than $15,000",Overall,Overall,579,11.3,10,12.6,"1,979",%,Crude Prevalence,,,BRFSS,CLASS05,Topic33,44,BO1,CAT1,INCOME,RESP016,"(41.70828019300046, -71.52247031399963)"
2014,RI,Rhode Island,Demographics,Income,What is your annual household income?,"$15,000 - 24,999",Overall,Overall,812,16.7,15.2,18.2,"1,980",%,Crude Prevalence,,,BRFSS,CLASS05,Topic33,44,BO1,CAT1,INCOME,RESP017,"(41.70828019300046, -71.52247031399963)"
2014,RI,Rhode Island,Demographics,Income,What is your annual household income?,"$25,000 - 34,999",Overall,Overall,496,9.6,8.5,10.7,"1,981",%,Crude Prevalence,,,BRFSS,CLASS05,Topic33,44,BO1,CAT1,INCOME,RESP018,"(41.70828019300046, -71.52247031399963)"
2014,RI,Rhode Island,Demographics,Income,What is your annual household income?,"$35,000 -  49,999",Overall,Overall,714,13.4,12.1,14.7,"1,982",%,Crude Prevalence,,,BRFSS,CLASS05,Topic33,44,BO1,CAT1,INCOME,RESP019,"(41.70828019300046, -71.52247031399963)"
2014,RI,Rhode Island,Demographics,Income,What is your annual household income?,"$50,000+",Overall,Overall,"2,732",49.1,47.2,51,"1,983",%,Crude Prevalence,,,BRFSS,CLASS05,Topic33,44,BO1,CAT1,INCOME,RESP020,"(41.70828019300046, -71.52247031399963)"
2014,SC,South Carolina,Demographics,Income,What is your annual household income?,"Less than $15,000",Overall,Overall,"1,345",14.9,13.9,15.9,"1,996",%,Crude Prevalence,,,BRFSS,CLASS05,Topic33,45,BO1,CAT1,INCOME,RESP016,"(33.998821303000454, -81.04537120699968)"
2014,SC,South Carolina,Demographics,Income,What is your annual household income?,"$15,000 - 24,999",Overall,Overall,"1,855",20.4,19.3,21.6,"1,997",%,Crude Prevalence,,,BRFSS,CLASS05,Topic33,45,BO1,CAT1,INCOME,RESP017,"(33.998821303000454, -81.04537120699968)"
2014,SC,South Carolina,Demographics,Income,What is your annual household income?,"$25,000 - 34,999",Overall,Overall,"1,141",12.7,11.8,13.7,"1,998",%,Crude Prevalence,,,BRFSS,CLASS05,Topic33,45,BO1,CAT1,INCOME,RESP018,"(33.998821303000454, -81.04537120699968)"
2014,SC,South Carolina,Demographics,Income,What is your annual household income?,"$35,000 -  49,999",Overall,Overall,"1,388",14.3,13.3,15.2,"1,999",%,Crude Prevalence,,,BRFSS,CLASS05,Topic33,45,BO1,CAT1,INCOME,RESP019,"(33.998821303000454, -81.04537120699968)"
2014,SC,South Carolina,Demographics,Income,What is your annual household income?,"$50,000+",Overall,Overall,"3,554",37.7,36.3,39,"2,000",%,Crude Prevalence,,,BRFSS,CLASS05,Topic33,45,BO1,CAT1,INCOME,RESP020,"(33.998821303000454, -81.04537120699968)"
2014,SD,South Dakota,Demographics,Income,What is your annual household income?,"Less than $15,000",Overall,Overall,591,8.5,7.3,9.8,"1,984",%,Crude Prevalence,,,BRFSS,CLASS05,Topic33,46,BO1,CAT1,INCOME,RESP016,"(44.353130053000484, -100.3735306369997)"
2014,SD,South Dakota,Demographics,Income,What is your annual household income?,"$15,000 - 24,999",Overall,Overall,952,15.8,14.1,17.6,"1,985",%,Crude Prevalence,,,BRFSS,CLASS05,Topic33,46,BO1,CAT1,INCOME,RESP017,"(44.353130053000484, -100.3735306369997)"
2014,SD,South Dakota,Demographics,Income,What is your annual household income?,"$25,000 - 34,999",Overall,Overall,757,12.2,10.7,13.7,"1,986",%,Crude Prevalence,,,BRFSS,CLASS05,Topic33,46,BO1,CAT1,INCOME,RESP018,"(44.353130053000484, -100.3735306369997)"
2014,SD,South Dakota,Demographics,Income,What is your annual household income?,"$35,000 -  49,999",Overall,Overall,"1,085",18.3,16.5,20,"1,987",%,Crude Prevalence,,,BRFSS,CLASS05,Topic33,46,BO1,CAT1,INCOME,RESP019,"(44.353130053000484, -100.3735306369997)"
2014,SD,South Dakota,Demographics,Income,What is your annual household income?,"$50,000+",Overall,Overall,"2,814",45.2,43.1,47.4,"1,988",%,Crude Prevalence,,,BRFSS,CLASS05,Topic33,46,BO1,CAT1,INCOME,RESP020,"(44.353130053000484, -100.3735306369997)"
2014,TN,Tennessee,Demographics,Income,What is your annual household income?,"Less than $15,000",Overall,Overall,682,14.5,13,16,"1,981",%,Crude Prevalence,,,BRFSS,CLASS05,Topic33,47,BO1,CAT1,INCOME,RESP016,"(35.68094058000048, -85.77449091399967)"
2014,TN,Tennessee,Demographics,Income,What is your annual household income?,"$15,000 - 24,999",Overall,Overall,870,20.2,18.4,22,"1,982",%,Crude Prevalence,,,BRFSS,CLASS05,Topic33,47,BO1,CAT1,INCOME,RESP017,"(35.68094058000048, -85.77449091399967)"
2014,TN,Tennessee,Demographics,Income,What is your annual household income?,"$25,000 - 34,999",Overall,Overall,530,12.4,10.9,13.8,"1,983",%,Crude Prevalence,,,BRFSS,CLASS05,Topic33,47,BO1,CAT1,INCOME,RESP018,"(35.68094058000048, -85.77449091399967)"
2014,TN,Tennessee,Demographics,Income,What is your annual household income?,"$35,000 -  49,999",Overall,Overall,609,15.7,14.1,17.4,"1,984",%,Crude Prevalence,,,BRFSS,CLASS05,Topic33,47,BO1,CAT1,INCOME,RESP019,"(35.68094058000048, -85.77449091399967)"
2014,TN,Tennessee,Demographics,Income,What is your annual household income?,"$50,000+",Overall,Overall,"1,370",37.2,35,39.4,"1,985",%,Crude Prevalence,,,BRFSS,CLASS05,Topic33,47,BO1,CAT1,INCOME,RESP020,"(35.68094058000048, -85.77449091399967)"
2014,TX,Texas,Demographics,Income,What is your annual household income?,"Less than $15,000",Overall,Overall,"1,654",13.5,12.5,14.5,"1,994",%,Crude Prevalence,,,BRFSS,CLASS05,Topic33,48,BO1,CAT1,INCOME,RESP016,"(31.827240407000488, -99.42677020599967)"
2014,TX,Texas,Demographics,Income,What is your annual household income?,"$15,000 - 24,999",Overall,Overall,"2,321",20.2,19,21.4,"1,995",%,Crude Prevalence,,,BRFSS,CLASS05,Topic33,48,BO1,CAT1,INCOME,RESP017,"(31.827240407000488, -99.42677020599967)"
2014,TX,Texas,Demographics,Income,What is your annual household income?,"$25,000 - 34,999",Overall,Overall,"1,463",11.8,10.8,12.8,"1,996",%,Crude Prevalence,,,BRFSS,CLASS05,Topic33,48,BO1,CAT1,INCOME,RESP018,"(31.827240407000488, -99.42677020599967)"
2014,TX,Texas,Demographics,Income,What is your annual household income?,"$35,000 -  49,999",Overall,Overall,"1,621",12.2,11.2,13.2,"1,997",%,Crude Prevalence,,,BRFSS,CLASS05,Topic33,48,BO1,CAT1,INCOME,RESP019,"(31.827240407000488, -99.42677020599967)"
2014,TX,Texas,Demographics,Income,What is your annual household income?,"$50,000+",Overall,Overall,"5,604",42.4,40.9,43.8,"1,998",%,Crude Prevalence,,,BRFSS,CLASS05,Topic33,48,BO1,CAT1,INCOME,RESP020,"(31.827240407000488, -99.42677020599967)"
2014,UT,Utah,Demographics,Income,What is your annual household income?,"Less than $15,000",Overall,Overall,922,7.9,7.3,8.5,"1,994",%,Crude Prevalence,,,BRFSS,CLASS05,Topic33,49,BO1,CAT1,INCOME,RESP016,"(39.360700171000474, -111.58713063499971)"
2014,UT,Utah,Demographics,Income,What is your annual household income?,"$15,000 - 24,999",Overall,Overall,"1,749",15.1,14.3,15.9,"1,995",%,Crude Prevalence,,,BRFSS,CLASS05,Topic33,49,BO1,CAT1,INCOME,RESP017,"(39.360700171000474, -111.58713063499971)"
2014,UT,Utah,Demographics,Income,What is your annual household income?,"$25,000 - 34,999",Overall,Overall,"1,244",10.3,9.6,11,"1,996",%,Crude Prevalence,,,BRFSS,CLASS05,Topic33,49,BO1,CAT1,INCOME,RESP018,"(39.360700171000474, -111.58713063499971)"
2014,UT,Utah,Demographics,Income,What is your annual household income?,"$35,000 -  49,999",Overall,Overall,"1,937",15.1,14.4,15.8,"1,997",%,Crude Prevalence,,,BRFSS,CLASS05,Topic33,49,BO1,CAT1,INCOME,RESP019,"(39.360700171000474, -111.58713063499971)"
2014,UT,Utah,Demographics,Income,What is your annual household income?,"$50,000+",Overall,Overall,"7,000",51.5,50.5,52.6,"1,998",%,Crude Prevalence,,,BRFSS,CLASS05,Topic33,49,BO1,CAT1,INCOME,RESP020,"(39.360700171000474, -111.58713063499971)"
2014,VT,Vermont,Demographics,Income,What is your annual household income?,"Less than $15,000",Overall,Overall,474,8.8,7.9,9.8,"1,958",%,Crude Prevalence,,,BRFSS,CLASS05,Topic33,50,BO1,CAT1,INCOME,RESP016,"(43.62538123900049, -72.51764079099962)"
2014,VT,Vermont,Demographics,Income,What is your annual household income?,"$15,000 - 24,999",Overall,Overall,852,15.7,14.6,16.8,"1,959",%,Crude Prevalence,,,BRFSS,CLASS05,Topic33,50,BO1,CAT1,INCOME,RESP017,"(43.62538123900049, -72.51764079099962)"
2014,VT,Vermont,Demographics,Income,What is your annual household income?,"$25,000 - 34,999",Overall,Overall,608,11.2,10.2,12.2,"1,960",%,Crude Prevalence,,,BRFSS,CLASS05,Topic33,50,BO1,CAT1,INCOME,RESP018,"(43.62538123900049, -72.51764079099962)"
2014,VT,Vermont,Demographics,Income,What is your annual household income?,"$35,000 -  49,999",Overall,Overall,853,16.1,14.9,17.3,"1,961",%,Crude Prevalence,,,BRFSS,CLASS05,Topic33,50,BO1,CAT1,INCOME,RESP019,"(43.62538123900049, -72.51764079099962)"
2014,VT,Vermont,Demographics,Income,What is your annual household income?,"$50,000+",Overall,Overall,"2,765",48.2,46.6,49.8,"1,962",%,Crude Prevalence,,,BRFSS,CLASS05,Topic33,50,BO1,CAT1,INCOME,RESP020,"(43.62538123900049, -72.51764079099962)"
2014,VA,Virginia,Demographics,Income,What is your annual household income?,"Less than $15,000",Overall,Overall,693,8.6,7.8,9.5,"1,992",%,Crude Prevalence,,,BRFSS,CLASS05,Topic33,51,BO1,CAT1,INCOME,RESP016,"(37.54268067400045, -78.45789046299967)"
2014,VA,Virginia,Demographics,Income,What is your annual household income?,"$15,000 - 24,999",Overall,Overall,"1,281",15.9,14.8,17.1,"1,993",%,Crude Prevalence,,,BRFSS,CLASS05,Topic33,51,BO1,CAT1,INCOME,RESP017,"(37.54268067400045, -78.45789046299967)"
2014,VA,Virginia,Demographics,Income,What is your annual household income?,"$25,000 - 34,999",Overall,Overall,815,10.4,9.5,11.4,"1,994",%,Crude Prevalence,,,BRFSS,CLASS05,Topic33,51,BO1,CAT1,INCOME,RESP018,"(37.54268067400045, -78.45789046299967)"
2014,VA,Virginia,Demographics,Income,What is your annual household income?,"$35,000 -  49,999",Overall,Overall,"1,089",13,12,14,"1,995",%,Crude Prevalence,,,BRFSS,CLASS05,Topic33,51,BO1,CAT1,INCOME,RESP019,"(37.54268067400045, -78.45789046299967)"
2014,VA,Virginia,Demographics,Income,What is your annual household income?,"$50,000+",Overall,Overall,"4,254",52.1,50.6,53.5,"1,996",%,Crude Prevalence,,,BRFSS,CLASS05,Topic33,51,BO1,CAT1,INCOME,RESP020,"(37.54268067400045, -78.45789046299967)"
2014,WA,Washington,Demographics,Income,What is your annual household income?,"Less than $15,000",Overall,Overall,724,8.7,7.8,9.5,"1,993",%,Crude Prevalence,,,BRFSS,CLASS05,Topic33,53,BO1,CAT1,INCOME,RESP016,"(47.52227862900048, -120.47001078999972)"
2014,WA,Washington,Demographics,Income,What is your annual household income?,"$15,000 - 24,999",Overall,Overall,"1,209",14.8,13.7,15.9,"1,994",%,Crude Prevalence,,,BRFSS,CLASS05,Topic33,53,BO1,CAT1,INCOME,RESP017,"(47.52227862900048, -120.47001078999972)"
2014,WA,Washington,Demographics,Income,What is your annual household income?,"$25,000 - 34,999",Overall,Overall,889,10.1,9.1,11,"1,995",%,Crude Prevalence,,,BRFSS,CLASS05,Topic33,53,BO1,CAT1,INCOME,RESP018,"(47.52227862900048, -120.47001078999972)"
2014,WA,Washington,Demographics,Income,What is your annual household income?,"$35,000 -  49,999",Overall,Overall,"1,310",14.6,13.6,15.6,"1,996",%,Crude Prevalence,,,BRFSS,CLASS05,Topic33,53,BO1,CAT1,INCOME,RESP019,"(47.52227862900048, -120.47001078999972)"
2014,WA,Washington,Demographics,Income,What is your annual household income?,"$50,000+",Overall,Overall,"4,691",51.9,50.5,53.4,"1,997",%,Crude Prevalence,,,BRFSS,CLASS05,Topic33,53,BO1,CAT1,INCOME,RESP020,"(47.52227862900048, -120.47001078999972)"
2014,WV,West Virginia,Demographics,Income,What is your annual household income?,"Less than $15,000",Overall,Overall,769,15.4,14.2,16.6,"1,975",%,Crude Prevalence,,,BRFSS,CLASS05,Topic33,54,BO1,CAT1,INCOME,RESP016,"(38.66551020200046, -80.71264013499967)"
2014,WV,West Virginia,Demographics,Income,What is your annual household income?,"$15,000 - 24,999",Overall,Overall,"1,048",21.1,19.7,22.5,"1,976",%,Crude Prevalence,,,BRFSS,CLASS05,Topic33,54,BO1,CAT1,INCOME,RESP017,"(38.66551020200046, -80.71264013499967)"
2014,WV,West Virginia,Demographics,Income,What is your annual household income?,"$25,000 - 34,999",Overall,Overall,615,12.3,11.2,13.4,"1,977",%,Crude Prevalence,,,BRFSS,CLASS05,Topic33,54,BO1,CAT1,INCOME,RESP018,"(38.66551020200046, -80.71264013499967)"
2014,WV,West Virginia,Demographics,Income,What is your annual household income?,"$35,000 -  49,999",Overall,Overall,833,16,14.8,17.2,"1,978",%,Crude Prevalence,,,BRFSS,CLASS05,Topic33,54,BO1,CAT1,INCOME,RESP019,"(38.66551020200046, -80.71264013499967)"
2014,WV,West Virginia,Demographics,Income,What is your annual household income?,"$50,000+",Overall,Overall,"1,803",35.3,33.7,36.9,"1,979",%,Crude Prevalence,,,BRFSS,CLASS05,Topic33,54,BO1,CAT1,INCOME,RESP020,"(38.66551020200046, -80.71264013499967)"
2014,WI,Wisconsin,Demographics,Income,What is your annual household income?,"Less than $15,000",Overall,Overall,585,9.6,8.4,10.8,"1,984",%,Crude Prevalence,,,BRFSS,CLASS05,Topic33,55,BO1,CAT1,INCOME,RESP016,"(44.39319117400049, -89.81637074199966)"
2014,WI,Wisconsin,Demographics,Income,What is your annual household income?,"$15,000 - 24,999",Overall,Overall,"1,055",16.5,15.1,17.9,"1,985",%,Crude Prevalence,,,BRFSS,CLASS05,Topic33,55,BO1,CAT1,INCOME,RESP017,"(44.39319117400049, -89.81637074199966)"
2014,WI,Wisconsin,Demographics,Income,What is your annual household income?,"$25,000 - 34,999",Overall,Overall,802,11.9,10.8,13.1,"1,986",%,Crude Prevalence,,,BRFSS,CLASS05,Topic33,55,BO1,CAT1,INCOME,RESP018,"(44.39319117400049, -89.81637074199966)"
2014,WI,Wisconsin,Demographics,Income,What is your annual household income?,"$35,000 -  49,999",Overall,Overall,"1,047",15.4,14.1,16.6,"1,987",%,Crude Prevalence,,,BRFSS,CLASS05,Topic33,55,BO1,CAT1,INCOME,RESP019,"(44.39319117400049, -89.81637074199966)"
2014,WI,Wisconsin,Demographics,Income,What is your annual household income?,"$50,000+",Overall,Overall,"2,821",46.6,44.8,48.4,"1,988",%,Crude Prevalence,,,BRFSS,CLASS05,Topic33,55,BO1,CAT1,INCOME,RESP020,"(44.39319117400049, -89.81637074199966)"
2014,WY,Wyoming,Demographics,Income,What is your annual household income?,"Less than $15,000",Overall,Overall,413,7.7,6.2,9.2,"1,983",%,Crude Prevalence,,,BRFSS,CLASS05,Topic33,56,BO1,CAT1,INCOME,RESP016,"(43.23554134300048, -108.10983035299967)"
2014,WY,Wyoming,Demographics,Income,What is your annual household income?,"$15,000 - 24,999",Overall,Overall,903,16.5,14.6,18.4,"1,984",%,Crude Prevalence,,,BRFSS,CLASS05,Topic33,56,BO1,CAT1,INCOME,RESP017,"(43.23554134300048, -108.10983035299967)"
2014,WY,Wyoming,Demographics,Income,What is your annual household income?,"$25,000 - 34,999",Overall,Overall,626,10.2,8.8,11.7,"1,985",%,Crude Prevalence,,,BRFSS,CLASS05,Topic33,56,BO1,CAT1,INCOME,RESP018,"(43.23554134300048, -108.10983035299967)"
2014,WY,Wyoming,Demographics,Income,What is your annual household income?,"$35,000 -  49,999",Overall,Overall,802,14.9,13.2,16.6,"1,986",%,Crude Prevalence,,,BRFSS,CLASS05,Topic33,56,BO1,CAT1,INCOME,RESP019,"(43.23554134300048, -108.10983035299967)"
2014,WY,Wyoming,Demographics,Income,What is your annual household income?,"$50,000+",Overall,Overall,"2,490",50.7,48.3,53,"1,987",%,Crude Prevalence,,,BRFSS,CLASS05,Topic33,56,BO1,CAT1,INCOME,RESP020,"(43.23554134300048, -108.10983035299967)"
2014,GU,Guam,Demographics,Income,What is your annual household income?,"Less than $15,000",Overall,Overall,356,20.1,17.5,22.7,"1,962",%,Crude Prevalence,,,BRFSS,CLASS05,Topic33,66,BO1,CAT1,INCOME,RESP016,"(13.444304, 144.793731)"
2014,GU,Guam,Demographics,Income,What is your annual household income?,"$15,000 - 24,999",Overall,Overall,446,22.3,19.7,24.8,"1,963",%,Crude Prevalence,,,BRFSS,CLASS05,Topic33,66,BO1,CAT1,INCOME,RESP017,"(13.444304, 144.793731)"
2014,GU,Guam,Demographics,Income,What is your annual household income?,"$25,000 - 34,999",Overall,Overall,312,15.2,13,17.4,"1,964",%,Crude Prevalence,,,BRFSS,CLASS05,Topic33,66,BO1,CAT1,INCOME,RESP018,"(13.444304, 144.793731)"
2014,GU,Guam,Demographics,Income,What is your annual household income?,"$35,000 -  49,999",Overall,Overall,373,14.7,12.9,16.5,"1,965",%,Crude Prevalence,,,BRFSS,CLASS05,Topic33,66,BO1,CAT1,INCOME,RESP019,"(13.444304, 144.793731)"
2014,GU,Guam,Demographics,Income,What is your annual household income?,"$50,000+",Overall,Overall,771,27.7,25.4,30.1,"1,966",%,Crude Prevalence,,,BRFSS,CLASS05,Topic33,66,BO1,CAT1,INCOME,RESP020,"(13.444304, 144.793731)"
2014,PR,Puerto Rico,Demographics,Income,What is your annual household income?,"Less than $15,000",Overall,Overall,"2,315",50.1,48.4,51.9,"1,842",%,Crude Prevalence,,,BRFSS,CLASS05,Topic33,72,BO1,CAT1,INCOME,RESP016,"(18.220833, -66.590149)"
2014,PR,Puerto Rico,Demographics,Income,What is your annual household income?,"$15,000 - 24,999",Overall,Overall,"1,333",24.5,23.1,26,"1,843",%,Crude Prevalence,,,BRFSS,CLASS05,Topic33,72,BO1,CAT1,INCOME,RESP017,"(18.220833, -66.590149)"
2014,PR,Puerto Rico,Demographics,Income,What is your annual household income?,"$25,000 - 34,999",Overall,Overall,499,9.5,8.5,10.5,"1,844",%,Crude Prevalence,,,BRFSS,CLASS05,Topic33,72,BO1,CAT1,INCOME,RESP018,"(18.220833, -66.590149)"
2014,PR,Puerto Rico,Demographics,Income,What is your annual household income?,"$35,000 -  49,999",Overall,Overall,381,7.9,7,8.8,"1,845",%,Crude Prevalence,,,BRFSS,CLASS05,Topic33,72,BO1,CAT1,INCOME,RESP019,"(18.220833, -66.590149)"
2014,PR,Puerto Rico,Demographics,Income,What is your annual household income?,"$50,000+",Overall,Overall,429,7.9,7,8.9,"1,846",%,Crude Prevalence,,,BRFSS,CLASS05,Topic33,72,BO1,CAT1,INCOME,RESP020,"(18.220833, -66.590149)"
2014,UW,All States and DC (median) **,Demographics,Income,What is your annual household income?,"Less than $15,000",Overall,Overall,51,10.7,,,"1,975",%,Crude Prevalence,**,,BRFSS,CLASS05,Topic33,98,BO1,CAT1,INCOME,RESP016,
2014,UW,All States and DC (median) **,Demographics,Income,What is your annual household income?,"$15,000 - 24,999",Overall,Overall,51,17.1,,,"1,976",%,Crude Prevalence,**,,BRFSS,CLASS05,Topic33,98,BO1,CAT1,INCOME,RESP017,
2014,UW,All States and DC (median) **,Demographics,Income,What is your annual household income?,"$25,000 - 34,999",Overall,Overall,51,11.3,,,"1,977",%,Crude Prevalence,**,,BRFSS,CLASS05,Topic33,98,BO1,CAT1,INCOME,RESP018,
2014,UW,All States and DC (median) **,Demographics,Income,What is your annual household income?,"$35,000 -  49,999",Overall,Overall,51,14.6,,,"1,978",%,Crude Prevalence,**,,BRFSS,CLASS05,Topic33,98,BO1,CAT1,INCOME,RESP019,
2014,UW,All States and DC (median) **,Demographics,Income,What is your annual household income?,"$50,000+",Overall,Overall,51,45.2,,,"1,979",%,Crude Prevalence,**,,BRFSS,CLASS05,Topic33,98,BO1,CAT1,INCOME,RESP020,
2014,US,"All States, DC and Territories (median) **",Demographics,Income,What is your annual household income?,"Less than $15,000",Overall,Overall,53,11.1,,,"1,976",%,Crude Prevalence,**,,BRFSS,CLASS05,Topic33,99,BO1,CAT1,INCOME,RESP016,
2014,US,"All States, DC and Territories (median) **",Demographics,Income,What is your annual household income?,"$15,000 - 24,999",Overall,Overall,53,17.2,,,"1,977",%,Crude Prevalence,**,,BRFSS,CLASS05,Topic33,99,BO1,CAT1,INCOME,RESP017,
2014,US,"All States, DC and Territories (median) **",Demographics,Income,What is your annual household income?,"$25,000 - 34,999",Overall,Overall,53,11.3,,,"1,978",%,Crude Prevalence,**,,BRFSS,CLASS05,Topic33,99,BO1,CAT1,INCOME,RESP018,
2014,US,"All States, DC and Territories (median) **",Demographics,Income,What is your annual household income?,"$35,000 -  49,999",Overall,Overall,53,14.6,,,"1,979",%,Crude Prevalence,**,,BRFSS,CLASS05,Topic33,99,BO1,CAT1,INCOME,RESP019,
2014,US,"All States, DC and Territories (median) **",Demographics,Income,What is your annual household income?,"$50,000+",Overall,Overall,53,44.7,,,"1,980",%,Crude Prevalence,**,,BRFSS,CLASS05,Topic33,99,BO1,CAT1,INCOME,RESP020,
